symbol,avg_turnover_30d
GROWW,59879829007.31667
PINELABS,24554164991.61
HDFCBANK,19833258425.02174
ICICIBANK,18360517239.734783
BHARTIARTL,18312994883.504345
RELIANCE,16618988670.24348
BSE,15192513083.42174
LENSKART,14612088578.25
INFY,13726714534.413046
ETERNAL,11916706211.77826
IDEA,11208452505.385214
SBIN,10445801598.165218
LGEINDIA,8814505050.449999
ADANIPOWER,8504292403.992607
TCS,8503543879.2
BAJFINANCE,8056462242.445652
NETWEB,8049892844.795651
M&M,8036809988.030434
AXISBANK,7338049739.430434
LT,7335289805.847826
BEL,6405794459.680434
MCX,6186127453.608696
CHENNPETRO,6099114496.991303
TMPV,6081748977.558696
ITC,6046273678.858696
SAGILITY,5975989170.635652
SHRIRAMFIN,5950487043.291304
HINDALCO,5748581295.95
KOTAKBANK,5696133921.630434
MARUTI,5563359400.304348
VEDL,5262864356.77826
RBLBANK,5178055132.852173
SUZLON,4865755937.511739
WAAREEENER,4777323806.986957
ADANIGREEN,4701455273.730434
HAL,4645414503.53913
TATASTEEL,4588308360.872174
EPACKPEB,4488884898.794783
CANBK,4465183508.523044
HBLENGINE,4429272720.308696
INDIGO,4414548331.26087
TRENT,4409670302.582608
DIXON,4385168932.130435
PAYTM,3968857135.100001
ATHERENERG,3944757696.85
TATACAP,3900136714.930434
HINDUNILVR,3694296901.417391
ADANIPORTS,3686103293.769565
TATAINVEST,3678423649.310869
ASIANPAINT,3657430754.726087
SWIGGY,3637135874.9478254
WAAREERTL,3597186828.634783
POWERGRID,3548841409.0478263
SAIL,3541796178.9643474
INDUSINDBK,3533332797.0521736
SCI,3519079969.1769567
HCLTECH,3514535518.630435
VBL,3482955613.326087
ADANIENT,3478637308.004348
TITAN,3476112100.017392
BHEL,3459513808.6356525
TVSMOTOR,3458702576.13913
INDUSTOWER,3450490947.382609
NATIONALUM,3410664711.8991303
SAMMAANCAP,3311999446.528695
CDSL,3289757495.1086965
BPCL,3263111717.4739137
POWERINDIA,3204700222.130435
BAJAJ-AUTO,3177335205.2173915
HINDCOPPER,3160457664.841304
HDFCAMC,3159579779.7826085
KAYNES,3157060798.021739
POLICYBZR,3156518675.826087
GRSE,3101159936.7782607
JIOFIN,3068564948.3934784
PERSISTENT,3032447424.1478257
GMBREW,3026240764.728261
BLS,2951745124.558696
SUNPHARMA,2937328555.5
AMBER,2906944853.673913
LTF,2887912279.8034782
NTPC,2884732365.917391
DIVISLAB,2884193203.152174
BANKBARODA,2839817576.517391
HEROMOTOCO,2839005155.7173915
NAVINFLUOR,2813990905.495652
COFORGE,2794207707.369565
EICHERMOT,2788201097.7391305
IDFCFIRSTB,2755257960.021304
ANGELONE,2717742411.752174
FEDERALBNK,2717532138.1047826
IOC,2707713917.67913
CHOLAFIN,2692654729.386956
AUBANK,2658525901.402173
COALINDIA,2617040643.008696
APOLLOHOSP,2578315326.2173915
ULTRACEMCO,2560452611.7391305
HINDZINC,2544174161.4434786
BRITANNIA,2517781849.130435
TECHM,2485462706.921739
CIPLA,2484460005.3782606
SYRMA,2481101684.469565
HYUNDAI,2477756740.0608697
MAZDOCK,2470196037.821739
FORTIS,2468244503.8652177
MUTHOOTFIN,2466081958.7652173
MAXHEALTH,2462256331.326087
BLUEDART,2445828712.130435
BAJAJFINSV,2438187841.9739127
FIVESTAR,2434192429.073913
DRREDDY,2431969748.078261
REDINGTON,2427931362.4434786
WIPRO,2424367093.285218
YESBANK,2391955456.9695654
RECLTD,2376397982.195652
MRPL,2329824009.747391
PFC,2320387649.065217
ONGC,2310252081.0130434
CUMMINSIND,2267292110.7739134
HINDPETRO,2266427275.2152176
MTARTECH,2220351169.030435
ORKLAINDIA,2199066954.135714
BDL,2188376219.508696
INDHOTEL,2179315615.297826
LAURUSLABS,2165369902.7630434
UNIONBANK,2150694231.9104347
PNB,2137604719.420435
HDFCLIFE,2086286219.9869568
CEATLTD,2072494065.9521737
LUPIN,2048974198.3304348
POLYCAB,2002370637.4347825
ASHOKLEY,1983448063.283044
SBILIFE,1954225031.273913
CRAMC,1939280826.235
RPOWER,1936114784.519565
CARTRADE,1935326210.013044
ANANTRAJ,1927176767.3608692
TATAPOWER,1921736641.7347825
JAINREC,1913641741.6152167
GODREJCP,1889038618.1
SOUTHBANK,1854211569.074783
MOTHERSON,1845447888.0786955
UPL,1843193627.386957
INDIANB,1842622862.5652173
BANKINDIA,1841764403.5017395
DELHIVERY,1831238034.7891304
DATAPATTNS,1827867266.513044
ABCAPITAL,1818412036.976087
GMDCLTD,1763111304.9021742
IDBI,1754870881.7221742
NESTLEIND,1728405956.1217391
ADANIENSOL,1726708522.4413044
CGPOWER,1713383861.858696
BANDHANBNK,1713053260.8460865
COCHINSHIP,1703963514.7565217
TATACOMM,1699194404.921739
DLF,1690751090.7108698
PGEL,1676996303.421739
JINDALSTEL,1655676686.8173914
TATACONSUM,1652138707.0826087
JSWSTEEL,1643402105.0608697
GAIL,1637687404.1656525
TDPOWERSYS,1636913104.6434784
GVT&D,1617241510.1130438
AUROPHARMA,1615888456.447826
GRASIM,1605959506.2565217
ANANDRATHI,1604485826.5869567
UNITDSPR,1601140706.5130432
LODHA,1597605293.2565217
GODFRYPHLP,1591177066.8086953
PREMIERENE,1576551153.5217392
LICI,1551436532.0847824
FORCEMOT,1549705606.2608695
NEWGEN,1548195258.823913
NYKAA,1546446621.5439131
VOLTAS,1540179158.2
ICICIGI,1520301383.6478262
CAMS,1481664679.3217392
DMART,1477780455.9739132
LTIM,1460927715.0652175
MOTILALOFS,1459892261.1673913
BHARATFORG,1458046162.4304347
KALYANKJIL,1454408431.4652174
SANDUMA,1435832611.7465217
NAUKRI,1389734103.5478263
BIOCON,1384014908.0847828
WHIRLPOOL,1380773972.6913047
GLENMARK,1374779285.4434783
RUBICON,1371617929.1349998
MAHABANK,1358098098.3786955
SRF,1347131080.730435
SOLARINDS,1343616526.6086955
GODREJPROP,1342742011.6130435
NMDC,1340217052.4234784
THYROCARE,1309156209.3652174
HEG,1295696754.1391304
MFSL,1294908805.930435
KFINTECH,1294607853.8173912
IREDA,1291329303.968696
URBANCO,1290118151.838261
ABB,1289510126.5434785
DABUR,1272973732.5434785
BANCOINDIA,1259857475.276087
BEML,1235102081.382609
APARINDS,1223753589.6304348
IXIGO,1218455872.5391302
APOLLO,1208969548.6043477
SONACOMS,1204242068.2630436
KEI,1202616961.8391304
PRESTIGE,1194059371.2913043
RADICO,1181225187.4956524
MANAPPURAM,1173078270.2369566
HAVELLS,1157106521.1347826
JUBLFOOD,1154342883.9630437
SUPREMEIND,1152576613.078261
ENRIN,1142955639.2869563
UNOMINDA,1137591649.1869566
JSWENERGY,1125586797.3282611
ASTRAL,1125243069.630435
GMRAIRPORT,1122947394.08
DCBBANK,1113387079.1913044
BSOFT,1108543550.4195654
NBCC,1107974828.66
NEULANDLAB,1107432269.6086955
RVNL,1103160933.971739
CUB,1101766367.2552173
PHOENIXLTD,1091397326.6304345
MPHASIS,1085247426.7086957
PNBHOUSING,1075686428.5847828
SBICARD,1075241318.176087
BAJAJHLDNG,1074590911.347826
WELCORP,1071002165.776087
NHPC,1066483019.9873912
MANKIND,1059061555.5086956
HFCL,1057800138.3765216
NUVAMA,1052312351.0434784
KALAMANDIR,1039523348.0039132
JKTYRE,1039350641.6913044
COLPAL,1038372465.9217392
INTELLECT,1034261594.078261
VMM,1023016409.4604348
APLAPOLLO,1022925659.0608696
OFSS,1012756123.304348
TORNTPHARM,1007492193.4652176
LIQUIDCASE,1005658264.4530432
KIRLOSENG,998263634.9608696
POCL,996883869.7391306
MARICO,982179347.0152172
ECLERX,974580747.3
AMBUJACEM,974002387.5586956
OBEROIRLTY,971093977.1695652
IEX,961840719.5508696
IIFL,949118473.0717392
CCL,946136683.7695652
INOXWIND,944692379.836087
CROMPTON,943830270.5043478
ICICIPRULI,931921614.8065217
GRAPHITE,929282088.9521738
CREDITACC,916557136.7391304
OIL,915829409.8652174
NAM-INDIA,912120705.404348
TARIL,911274114.3760868
PARADEEP,903642992.964348
STAR,901402405.652174
M&MFIN,899137866.5652176
BLACKBUCK,881408872.2521739
360ONE,881017260.9130436
CUPID,877831594.7882607
ARSSBL,873372293.1152173
BOSCHLTD,872371540.2173913
PIIND,867453530.5391304
THANGAMAYL,859334576.5869565
ALKEM,855319113.5434783
MRF,848291366.7391304
GRAVITA,845522832.9652175
BELRISE,844959642.2408696
GPIL,844952966.6734784
TI,842456018.9913043
HUDCO,841845367.9060868
ACUTAAS,826982264.4173914
COROMANDEL,826354199.3130434
PIDILITIND,826002384.6000001
WOCKPHARMA,812515342.5478262
ARIHANTCAP,809851555.8395652
TORNTPOWER,803900689.8000001
IRFC,803606694.2413043
KPITTECH,802614870.326087
SIEMENS,783601423.6826087
TATAELXSI,779736619.9130435
BLUESTARCO,771026582.1521739
PSPPROJECT,769730435.8521738
PAGEIND,769051660.2173913
GARUDA,767251499.3291304
SWANCORP,767157554.5260869
JYOTICNC,761504117.2434782
JKCEMENT,761244449.4782609
ZYDUSLIFE,760900347.6130434
COHANCE,760579845.35
PARAGMILK,756338027.7521739
POONAWALLA,754152680.4586958
BORORENEW,753436292.0152173
BLUESTONE,748544558.8978262
HDBFS,745243519.2108698
EXIDEIND,743269261.4673913
TIINDIA,739414380.395652
CONCOR,738353493.1999999
CANHLIFE,736755512.6321052
LIQUIDADD,727929894.7078261
NCC,727172465.8091304
MAPMYINDIA,725161249.7652173
PATANJALI,724338410.8282608
EDELWEISS,718859845.5226086
STUDDS,717091246.0416665
RRKABEL,717054459.7608695
KEC,707973449.1652174
SHAILY,707562343.4913044
ZEEL,707488398.2352173
LICHSGFIN,700610523.8913044
TITAGARH,699306246.8043479
MOSCHIP,698397103.9217392
PRICOLLTD,692954446.8565217
JAYNECOIND,687713721.2886957
VINCOFE,687287667.2826086
SHAREINDIA,678761093.6395651
UJJIVANSFB,677791529.9330435
VIKRAMSOLR,677341297.9391305
VIKRAN,668293180.4734782
SHREECEM,667865342.826087
JMFINANCIL,666642824.0356523
INOXGREEN,664134105.2113044
SWSOLAR,662464565.2434784
PARAS,661802783.5086956
3MINDIA,660893126.0869565
PGIL,655824376.1565218
PPLPHARMA,654536092.8578261
TRANSRAILL,651631079.7326088
KARURVYSYA,646723625.3765217
GPPL,640180924.6926086
YATRA,634079349.9469565
ZENTEC,631771391.7086955
MBEL,630351264.7891304
AVANTEL,628619188.516087
DALBHARAT,625061408.5869565
ATGL,624562012.3152174
TEJASNET,613872873.1565217
GOKEX,609945758.7826087
FSL,603881046.7326087
WEBELSOLAR,603640044.6956521
CYIENT,599063601.8130435
IKS,586990094.6130435
PCJEWELLER,585978454.606087
APOLLOTYRE,585614997.1021739
INTERARCH,585545160.9695652
HSCL,582831770.5369565
CGCL,581728951.317826
TATVA,578820683.5434784
DREDGECORP,566476721.8456522
GREAVESCOT,565236119.167826
ITCHOTELS,563309006.1478261
OLECTRA,562434095.2086957
MIDWESTLTD,558969973.6466666
PACEDIGITK,545036575.1326085
POLYMED,538945024.6086956
CESC,537972478.9669566
AARTIIND,527282655.2195652
PREMEXPLN,518728000.3
